名称,rm型片式厚膜固定电阻器,型号,rm3216mb1334ft,分类,氧化膜电阻器,生产厂家,中国振华集团云科电子有限公司,厂商地域,贵州贵阳,质量等级,gjb,温度特性,±300ppm/℃	,封装形式,smd1206,额定功耗,0.25W	,封装尺寸,3.2×1.6×0.55,标称阻值,1.33mΩ	,阻值允许偏差,±1%
名称,rm型片式厚膜固定电阻器,型号,rm6332mb1334ft,分类,氧化膜电阻器,生产厂家,中国振华集团云科电子有限公司,厂商地域,贵州贵阳,质量等级,gjb,温度特性,±300ppm/℃	,封装形式,smd2512,额定功耗,1.0W	,封装尺寸,6.3×3.2×0.55,标称阻值,1.33mΩ	,阻值允许偏差,±1%
名称,rrj型片式厚膜固定电阻器,型号,rrj2012k1334f,分类,氧化膜电阻器,生产厂家,中国振华集团云科电子有限公司,厂商地域,贵州贵阳,质量等级,gjb,温度特性,±100ppm/℃	,封装形式,smd0805,额定功耗,0.125W	,封装尺寸,2.0×1.25×0.5,标称阻值,1.33mΩ	,阻值允许偏差,±1%
名称,rmk3263型3w片式厚膜固定电阻器,型号,rmk3263kb1371fm,分类,氧化膜电阻器,生产厂家,中国振华集团云科电子有限公司,厂商地域,贵州贵阳,质量等级,gjb,温度特性,±100ppm/℃	,封装形式,smd,额定功耗,3W	,封装尺寸,3.2×6.3×0.55,标称阻值,1.37kΩ	,阻值允许偏差,±1%
名称,rmk型有可靠性指标的片式厚膜固定电阻器,型号,rmk1005kb1371fm,分类,氧化膜电阻器,生产厂家,中国振华集团云科电子有限公司,厂商地域,贵州贵阳,质量等级,a1m,温度特性,±100ppm/℃	,封装形式,smd0402,额定功耗,0.04W	,封装尺寸,1.0×0.5×0.35,标称阻值,1.37kΩ	,阻值允许偏差,±1%
名称,rmk型有可靠性指标的片式厚膜固定电阻器,型号,rmk3225kb1371fm,分类,氧化膜电阻器,生产厂家,中国振华集团云科电子有限公司,厂商地域,贵州贵阳,质量等级,a1p,温度特性,±100ppm/℃	,封装形式,smd1210,额定功耗,0.25W	,封装尺寸,3.2×2.5×0.55,标称阻值,1.37kΩ	,阻值允许偏差,±1%
名称,rmk型有可靠性指标的片式厚膜固定电阻器,型号,rmk3225mb1371fm,分类,氧化膜电阻器,生产厂家,中国振华集团云科电子有限公司,厂商地域,贵州贵阳,质量等级,a1p,温度特性,±300ppm/℃	,封装形式,smd1210,额定功耗,0.25W	,封装尺寸,3.2×2.5×0.55,标称阻值,1.37kΩ	,阻值允许偏差,±1%
名称,rmk型宇航用片式厚膜固定电阻器,型号,rmk2012mb1402fm,分类,氧化膜电阻器,生产厂家,中国振华集团云科电子有限公司,厂商地域,贵州贵阳,质量等级,cast-b,温度特性,±300ppm/℃	,封装形式,smd0805,额定功耗,0.1W	,封装尺寸,2.0×1.27×0.6,标称阻值,14kΩ	,阻值允许偏差,±1%
名称,rmk型宇航用片式厚膜固定电阻器,型号,rmk6332mb1402fm,分类,氧化膜电阻器,生产厂家,中国振华集团云科电子有限公司,厂商地域,贵州贵阳,质量等级,cast-b,温度特性,±300ppm/℃	,封装形式,smd2512,额定功耗,1.0W	,封装尺寸,6.3×3.2×0.6,标称阻值,14kΩ	,阻值允许偏差,±1%
名称,res 3.9 ohm 1/2w 10% axial,型号,rc12kb3r90,分类,碳膜电阻器,生产厂家,sei,厂商地域,美国,质量等级,军品级,温度范围,-55～125℃,features,non-inductive; pulse withstanding,number of terminations,2,composition,carbon composition,封装形式,axial,额定功耗,0.5W,封装尺寸,0.142 dia×0.374 l (3.60,标称阻值,3.9Ω,阻值允许偏差,±10%
名称,res 68 ohm 1/2w 10% axial,型号,rc12kb68r0,分类,碳膜电阻器,生产厂家,sei,厂商地域,美国,质量等级,军品级,温度范围,-55～125℃,features,non-inductive; pulse withstanding,number of terminations,2,composition,carbon composition,封装形式,axial,额定功耗,0.5W,封装尺寸,0.142 dia×0.374 l (3.60,标称阻值,68Ω,阻值允许偏差,±10%
名称,res 680 ohm 1/2w 10% axial,型号,rc12kb680r,分类,碳膜电阻器,生产厂家,sei,厂商地域,美国,质量等级,军品级,温度范围,-55～125℃,features,non-inductive; pulse withstanding,number of terminations,2,composition,carbon composition,封装形式,axial,额定功耗,0.5W,封装尺寸,0.142 dia×0.374 l (3.60,标称阻值,680Ω,阻值允许偏差,±10%
名称,res 680k ohm 1/2w 10% axial,型号,rc12kb680k,分类,碳膜电阻器,生产厂家,sei,厂商地域,美国,质量等级,军品级,封装形式,axial,温度范围,-55～125℃,features,non-inductive; pulse withstanding,number of terminations,2,composition,carbon composition,额定功耗,0.5W,标称阻值,680kΩ,封装尺寸,0.142 dia×0.374 l (3.60,阻值允许偏差,±10%
名称,res 82 ohm 1/2w 10% axial,型号,rc12kb82r0,分类,碳膜电阻器,生产厂家,sei,厂商地域,美国,质量等级,军品级,封装形式,axial,温度范围,-55～125℃,features,non-inductive; pulse withstanding,number of terminations,2,composition,carbon composition,额定功耗,0.5W,标称阻值,82Ω,封装尺寸,0.142 dia×0.374 l (3.60,阻值允许偏差,±10%
名称,res 820k ohm 1/2w 10% axial,型号,rc12kb820k,分类,碳膜电阻器,生产厂家,sei,厂商地域,美国,质量等级,军品级,封装形式,axial,温度范围,-55～125℃,features,non-inductive; pulse withstanding,number of terminations,2,composition,carbon composition,额定功耗,0.5W,标称阻值,820kΩ,封装尺寸,0.142 dia×0.374 l (3.60,阻值允许偏差,±10%
名称,res 270 ohm 1/4w 5% axial,型号,rc14jb270r,分类,碳膜电阻器,生产厂家,sei,厂商地域,美国,质量等级,军品级,封装形式,axial,温度范围,-55～125℃,features,non-inductive; pulse withstanding,number of terminations,2,composition,carbon composition,额定功耗,0.25W,标称阻值,270Ω,封装尺寸,0.094 dia×0.248 l (2.40,阻值允许偏差,±5%
名称,res 51k ohm 1/4w 5% axial,型号,od513je,分类,碳膜电阻器,生产厂家,ohmite,厂商地域,美国,封装形式,axial,composition,carbon composition,number of terminations,2,features,pulse withstanding,额定功耗,0.25W,标称阻值,51kΩ,封装尺寸,0.098 dia×0.276 l (2.50,阻值允许偏差,±5%
名称,res 5.1 ohm 1/4w 5% axial,型号,od51gje,分类,碳膜电阻器,生产厂家,ohmite,厂商地域,美国,封装形式,axial,composition,carbon composition,number of terminations,2,features,pulse withstanding,额定功耗,0.25W,标称阻值,5.1Ω,封装尺寸,0.098 dia×0.276 l (2.50,阻值允许偏差,±5%
名称,res 430 ohm 1/4w 5% axial,型号,od431je,分类,碳膜电阻器,生产厂家,ohmite,厂商地域,美国,封装形式,axial,composition,carbon composition,number of terminations,2,features,pulse withstanding,额定功耗,0.25W,标称阻值,430Ω,封装尺寸,0.098 dia×0.276 l (2.50,阻值允许偏差,±5%
名称,res 2.4 ohm 1/2w 5% axial,型号,of24gje,分类,碳膜电阻器,生产厂家,ohmite,厂商地域,美国,composition,carbon composition,number of terminations,2,features,pulse withstanding,封装形式,axial,额定功耗,0.5W,封装尺寸,0.150 dia×0.406 l (3.80,标称阻值,2.4Ω,阻值允许偏差,±5%
名称,res 270 ohm 1/2w 5% axial,型号,of271je,分类,碳膜电阻器,生产厂家,ohmite,厂商地域,美国,composition,carbon composition,number of terminations,2,features,pulse withstanding,封装形式,axial,额定功耗,0.5W,封装尺寸,0.150 dia×0.406 l (3.80,标称阻值,270Ω,阻值允许偏差,±5%
名称,res 2.7k ohm 1/2w 5% axial,型号,of272je,分类,碳膜电阻器,生产厂家,ohmite,厂商地域,美国,composition,carbon composition,number of terminations,2,features,pulse withstanding,封装形式,axial,额定功耗,0.5W,封装尺寸,0.150 dia×0.406 l (3.80,标称阻值,2.7kΩ,阻值允许偏差,±5%
名称,res 18 ohm 1/2w 5% axial,型号,of180je,分类,碳膜电阻器,生产厂家,ohmite,厂商地域,美国,composition,carbon composition,number of terminations,2,features,pulse withstanding,封装形式,axial,额定功耗,0.5W,封装尺寸,0.150 dia×0.406 l (3.80,标称阻值,18Ω,阻值允许偏差,±5%
名称,res 100 ohm 1/2w 10% axial,型号,rc12kt100r,分类,碳膜电阻器,生产厂家,sei,厂商地域,美国,质量等级,军品级,封装形式,axial,温度范围,-55～125℃,features,non-inductive; pulse withstanding,number of terminations,2,composition,carbon composition,额定功耗,0.5W,标称阻值,100Ω,封装尺寸,0.142 dia×0.374 l (3.60,阻值允许偏差,±10%
名称,res 12 ohm 1/2w 10% axial,型号,rc12kt12r0,分类,碳膜电阻器,生产厂家,sei,厂商地域,美国,质量等级,军品级,温度范围,-55～125℃,features,non-inductive; pulse withstanding,number of terminations,2,composition,carbon composition,封装形式,axial,额定功耗,0.5W,封装尺寸,0.142 dia×0.374 l (3.60,标称阻值,12Ω,阻值允许偏差,±10%
名称,res 120k ohm 1/2w 10% axial,型号,rc12kt120k,分类,碳膜电阻器,生产厂家,sei,厂商地域,美国,质量等级,军品级,封装形式,axial,温度范围,-55～125℃,features,non-inductive; pulse withstanding,number of terminations,2,composition,carbon composition,额定功耗,0.5W,标称阻值,120kΩ,封装尺寸,0.142 dia×0.374 l (3.60,阻值允许偏差,±10%
名称,res 12k ohm 1/2w 10% axial,型号,rc12kt12k0,分类,碳膜电阻器,生产厂家,sei,厂商地域,美国,质量等级,军品级,封装形式,axial,温度范围,-55～125℃,features,non-inductive; pulse withstanding,number of terminations,2,composition,carbon composition,额定功耗,0.5W,标称阻值,12kΩ,封装尺寸,0.142 dia×0.374 l (3.60,阻值允许偏差,±10%
名称,res 15k ohm 1/2w 10% axial,型号,rc12kt15k0,分类,碳膜电阻器,生产厂家,sei,厂商地域,美国,质量等级,军品级,封装形式,axial,温度范围,-55～125℃,features,non-inductive; pulse withstanding,number of terminations,2,composition,carbon composition,额定功耗,0.5W,标称阻值,15kΩ,封装尺寸,0.142 dia×0.374 l (3.60,阻值允许偏差,±10%
名称,res 18k ohm 1/2w 10% axial,型号,rc12kt18k0,分类,碳膜电阻器,生产厂家,sei,厂商地域,美国,质量等级,军品级,封装形式,axial,温度范围,-55～125℃,features,non-inductive; pulse withstanding,number of terminations,2,composition,carbon composition,额定功耗,0.5W,标称阻值,18kΩ,封装尺寸,0.142 dia×0.374 l (3.60,阻值允许偏差,±10%
名称,res 7.5 ohm 1/4w 5% axial,型号,erd-s2tj7r5v,分类,碳膜电阻器,生产厂家,panasonic,厂商地域,日本,温度范围,-55～155℃,温度特性,-150/ -350ppm/℃,composition,carbon film,number of terminations,2,封装形式,axial,额定功耗,0.25W,标称阻值,7.5Ω,封装尺寸,0.067 dia×0.126 l (1.70,阻值允许偏差,±5%
名称,硅肖特基二极管,型号,2DK140UR,分类,肖特基二极管,生产厂家,济南市半导体元件实验所,厂商地域,山东济南,质量等级,G,封装形式,DO-213AB,温度范围,-55～125℃,"正向电流",1.0A,反向工作峰值电压,30V,重量,140mg,产品特点及用途,采用玻璃封装，具有正向压降低，开关速度快的特点，可广泛用于开关电源及其他开关整流电路中。,参考单价,150,年供货量,5万只,年供货周期,1～2个月
名称,硅肖特基二极管,型号,2DK160UR,分类,肖特基二极管,生产厂家,济南市半导体元件实验所,厂商地域,山东济南,质量等级,SAST,温度范围,-55～125℃,"正向电流",1.0A,封装形式,DO-213AB,重量,140mg,反向工作峰值电压,45V,产品特点及用途,采用玻璃封装，具有正向压降低，开关速度快的特点，可广泛用于开关电源及其他开关整流电路中。,参考单价,400,年供货量,5万只,年供货周期,1～3个月
名称,硅肖特基二极管,型号,2DK160UR,分类,肖特基二极管,生产厂家,济南市半导体元件实验所,厂商地域,山东济南,质量等级,JCT,封装形式,DO-213AB,温度范围,-55～125℃,"正向电流",1.0A,反向工作峰值电压,45V,重量,140mg,产品特点及用途,采用玻璃封装，具有正向压降低，开关速度快的特点，可广泛用于开关电源及其他开关整流电路中。,参考单价,400,年供货量,5万只,年供货周期,1～3个月
名称,硅肖特基二极管,型号,2DK160UR,分类,肖特基二极管,生产厂家,济南市半导体元件实验所,厂商地域,山东济南,质量等级,G,封装形式,DO-213AB,温度范围,-55～125℃,"正向电流",1.0A,反向工作峰值电压,45V,重量,140mg,产品特点及用途,采用玻璃封装，具有正向压降低，开关速度快的特点，可广泛用于开关电源及其他开关整流电路中。,参考单价,150,年供货量,5万只,年供货周期,1～2个月
名称,硅肖特基二极管,型号,2DK180UR,分类,肖特基二极管,生产厂家,济南市半导体元件实验所,厂商地域,山东济南,质量等级,SAST,封装形式,DO-213AB,温度范围,-55～125℃,"正向电流",1.0A,反向工作峰值电压,60V,重量,140mg,产品特点及用途,采用玻璃封装，具有正向压降低，开关速度快的特点，可广泛用于开关电源及其他开关整流电路中。,参考单价,400,年供货量,5万只,年供货周期,1～3个月
名称,硅肖特基二极管,型号,2DK180UR,分类,肖特基二极管,生产厂家,济南市半导体元件实验所,厂商地域,山东济南,质量等级,JCT,封装形式,DO-213AB,温度范围,-55～125℃,"正向电流",1.0A,反向工作峰值电压,60V,重量,140mg,产品特点及用途,采用玻璃封装，具有正向压降低，开关速度快的特点，可广泛用于开关电源及其他开关整流电路中。,参考单价,400,年供货量,5万只,年供货周期,1～3个月
名称,硅肖特基二极管,型号,2DK180UR,分类,肖特基二极管,生产厂家,济南市半导体元件实验所,厂商地域,山东济南,质量等级,G,封装形式,DO-213AB,温度范围,-55～125℃,"正向电流",1.0A,反向工作峰值电压,60V,重量,140mg,产品特点及用途,采用玻璃封装，具有正向压降低，开关速度快的特点，可广泛用于开关电源及其他开关整流电路中。,参考单价,150,年供货量,5万只,年供货周期,1～2个月
名称,硅肖特基二极管,型号,2DK1100UR,分类,肖特基二极管,生产厂家,济南市半导体元件实验所,厂商地域,山东济南,质量等级,SAST,封装形式,DO-213AB,温度范围,-55～125℃,"正向电流",1.0A,反向工作峰值电压,80V,重量,140mg,产品特点及用途,采用玻璃封装，具有正向压降低，开关速度快的特点，可广泛用于开关电源及其他开关整流电路中。,参考单价,400,年供货量,5万只,年供货周期,1～3个月
名称,硅肖特基二极管,型号,2DK1100UR,分类,肖特基二极管,生产厂家,济南市半导体元件实验所,厂商地域,山东济南,质量等级,JCT,封装形式,DO-213AB,温度范围,-55～125℃,"正向电流",1.0A,重量,140mg,反向工作峰值电压,80V,产品特点及用途,采用玻璃封装，具有正向压降低，开关速度快的特点，可广泛用于开关电源及其他开关整流电路中。,参考单价,400,年供货量,5万只,年供货周期,1～3个月
名称,真空冷压焊石英谐振器,型号,xl12-106.1875mhz,分类,谐振器,生产厂家,北京无线电计量测试研究所,厂商地域,北京,质量等级,工业级,温度范围,-55～125℃,封装形式,hc-37/u,标称频率,106.1875MHz
名称,真空冷压焊封石英谐振器,型号,xl51-10.00000mhz,分类,谐振器,生产厂家,北京无线电计量测试研究所,厂商地域,北京,质量等级,cast c,温度范围,-55～125℃,封装形式,hc-43/u,标称频率,10MHz
名称,真空冷压焊封石英谐振器,型号,xl51-10.94800mhz,分类,谐振器,生产厂家,北京无线电计量测试研究所,厂商地域,北京,质量等级,cast c,封装形式,hc-43/u,温度范围,-55～125℃,标称频率,10.948MHz
名称,真空冷压焊封石英谐振器,型号,xl51-12.15650mhz,分类,谐振器,生产厂家,北京无线电计量测试研究所,厂商地域,北京,质量等级,cast c,封装形式,hc-43/u,温度范围,-55～125℃,标称频率,12.1565MHz
名称,真空冷压焊封石英谐振器,型号,xl521-77.66700mhz,分类,谐振器,生产厂家,北京无线电计量测试研究所,厂商地域,北京,质量等级,cast c,封装形式,hc-43/u,温度范围,-55～125℃,标称频率,77.667MHz
名称,真空冷压焊封石英谐振器,型号,xl51-5.075350mhz,分类,谐振器,生产厂家,北京无线电计量测试研究所,厂商地域,北京,质量等级,cast c,封装形式,hc-43/u,温度范围,-55～125℃,标称频率,5.07535MHz
名称,真空冷压焊石英谐振器,型号,xl521-19.15000mhz,分类,谐振器,生产厂家,北京无线电计量测试研究所,厂商地域,北京,质量等级,j,温度范围,-55～125℃,封装形式,hc-43/u,标称频率,19.15MHz
名称,真空冷压焊封石英谐振器,型号,xl521-36.76800mhz,分类,谐振器,生产厂家,北京无线电计量测试研究所,厂商地域,北京,质量等级,cast c,温度范围,-55～125℃,封装形式,hc-43/u,标称频率,36.768MHz
名称,真空冷压焊封石英谐振器,型号,xl522-27.00000mhz,分类,谐振器,生产厂家,北京无线电计量测试研究所,厂商地域,北京,质量等级,cast c,温度范围,-55～125℃,封装形式,hc-35/u,标称频率,27MHz
名称,真空冷压焊封石英谐振器,型号,xl522-38.59800mhz,分类,谐振器,生产厂家,北京无线电计量测试研究所,厂商地域,北京,质量等级,cast c,温度范围,-55～125℃,封装形式,hc-35/u,标称频率,38.598MHz
名称,真空冷压焊封石英谐振器,型号,xl521-68.46300mhz,分类,谐振器,生产厂家,北京无线电计量测试研究所,厂商地域,北京,质量等级,cast c,封装形式,hc-43/u,温度范围,-55～125℃,标称频率,68.463MHz
名称,真空冷压焊封石英谐振器,型号,xl521-75.11110mhz,分类,谐振器,生产厂家,北京无线电计量测试研究所,厂商地域,北京,质量等级,cast c,封装形式,hc-43/u,温度范围,-55～125℃,标称频率,75.1111MHz
名称,真空冷压焊封石英谐振器,型号,xl521-77.46300mhz,分类,谐振器,生产厂家,北京无线电计量测试研究所,厂商地域,北京,质量等级,cast c,封装形式,hc-43/u,温度范围,-55～125℃,标称频率,77.463MHz
名称,真空冷压焊封石英谐振器,型号,xl521-77.55000mhz,分类,谐振器,生产厂家,北京无线电计量测试研究所,厂商地域,北京,质量等级,cast c,温度范围,-55～125℃,封装形式,hc-43/u,标称频率,77.55MHz
名称,真空冷压焊封石英谐振器,型号,xl522-68.32000mhz,分类,谐振器,生产厂家,北京无线电计量测试研究所,厂商地域,北京,质量等级,cast c,温度范围,-55～125℃,封装形式,hc-35/u,标称频率,68.32MHz
名称,真空冷压焊封石英谐振器,型号,xl522-68.33000mhz,分类,谐振器,生产厂家,北京无线电计量测试研究所,厂商地域,北京,质量等级,cast c,温度范围,-55～125℃,封装形式,hc-35/u,标称频率,68.33MHz
名称,真空冷压焊封石英谐振器,型号,xl522-69.02500mhz,分类,谐振器,生产厂家,北京无线电计量测试研究所,厂商地域,北京,质量等级,cast c,温度范围,-55～125℃,封装形式,hc-35/u,标称频率,69.025MHz
名称,osc prog cml 2.5v stby 50ppm smd,型号,sit9002ai-38h25sb,分类,可编程振荡器,生产厂家,sitime,厂商地域,美国,质量等级,工业级,温度范围,-40～85℃,output,cml	,	type,mems (silicon)	,	function,standby	,	series,sit9002	,	mounting type,surface mount	,	voltage - supply,2.5v	,	current - supply (max),51ma	,	programmable type,programmed by digi-key (enter your frequency in web order notes)	,	size / dimension,0.276 l x 0.197 w (7.00mm x 5.00mm)	,	part status,active,封装形式,smd(6)
名称,osc prog hcsl 2.5v en/ds 50ppm,型号,sit9002ai-48n25eb,分类,可编程振荡器,生产厂家,sitime,厂商地域,美国,质量等级,工业级,温度范围,-40～85℃,output,hcsl	,	type,mems (silicon)	,	function,enable/disable	,	series,sit9002	,	mounting type,surface mount	,	voltage - supply,2.5v	,	current - supply (max),80ma	,	programmable type,programmed by digi-key (enter your frequency in web order notes)	,	size / dimension,0.276 l x 0.197 w (7.00mm x 5.00mm)	,	part status,active,封装形式,smd(6)
名称,osc prog hcsl 2.5v stby 50ppm,型号,sit9002ai-48n25sb,分类,可编程振荡器,生产厂家,sitime,厂商地域,美国,质量等级,工业级,温度范围,-40～85℃,output,hcsl	,	type,mems (silicon)	,	function,standby	,	series,sit9002	,	mounting type,surface mount	,	voltage - supply,2.5v	,	current - supply (max),80ma	,	programmable type,programmed by digi-key (enter your frequency in web order notes)	,	size / dimension,0.276 l x 0.197 w (7.00mm x 5.00mm)	,	part status,active,封装形式,smd(6)
名称,osc prog lvpecl 2.5v stby 25ppm,型号,sit9002ac-08h25sd,分类,可编程振荡器,生产厂家,sitime,厂商地域,美国,封装形式,smd(6),温度范围,-20～70℃,output,lvpecl	,	type,mems (silicon)	,	function,standby	,	series,sit9002	,	mounting type,surface mount	,	voltage - supply,2.5v	,	current - supply (max),84ma	,	programmable type,programmed by digi-key (enter your frequency in web order notes)	,	size / dimension,0.276 l x 0.197 w (7.00mm x 5.00mm)	,	height,0.039 (1.00mm)	,	part status,active
名称,osc mems prog 7.0x5.0mm 3.3v,型号,sit9122ai-2d-33s,分类,可编程振荡器,生产厂家,sitime,厂商地域,美国,质量等级,工业级,温度范围,-40～85℃,	工作电压,3.3V	,	output,lvds	,	type,mems (silicon)	,	function,standby	,	mounting type,surface mount	,	current - supply (max),55ma	,	programmable type,programmed by digi-key (enter your frequency in web order notes)	,	available frequency range,220mhz ~ 625mhz,封装形式,smd(6),封装尺寸,"dfn,lcc",频率稳定度,±20ppm; ±25ppm; ±50ppm
名称,osc vctcxo prog lvcmos smd,型号,asgtx-c-2,分类,可编程振荡器,生产厂家,abracon,厂商地域,美国,质量等级,工业级,温度范围,-40～85℃,	工作电压,3.3V	,	output,lvcmos	,	type,vctcxo	,	mounting type,surface mount	,	current - supply (max),45ma	,	programmable type,programmed by digi-key (enter your frequency in web order notes)	,	size / dimension,0.354 l x 0.276 w (9.00mm x 7.00mm)	,	available frequency range,10mhz ~ 250mhz,封装形式,smd(6),封装尺寸,"dfn,lcc",频率稳定度,±2ppm
名称,osc vctcxo prog lvds smd,型号,asgtx-d-1,分类,可编程振荡器,生产厂家,abracon,厂商地域,美国,温度范围,-30～70℃,	工作电压,3.3V	,	output,lvds	,	type,vctcxo	,	mounting type,surface mount	,	current - supply (max),40ma	,	programmable type,programmed by digi-key (enter your frequency in web order notes)	,	size / dimension,0.354 l x 0.276 w (9.00mm x 7.00mm)	,	height,0.088 (2.24mm)	,	available frequency range,10mhz ~ 1.5ghz,封装形式,smd(6),频率稳定度,±1ppm,封装尺寸,"dfn,lcc"
名称,osc cmos prog 1.8v oe smd,型号,sg-8003jf-pel,分类,可编程振荡器,生产厂家,epson,厂商地域,日本,质量等级,工业级,温度范围,-40～85℃,	工作电压,1.8V	,	output,cmos	,	type,xo (standard)	,	function,enable/disable	,	mounting type,surface mount	,	current - supply (max),10ma	,	programmable type,programmed by digi-key (enter your frequency in web order notes)	,	available frequency range,1mhz ~ 166mhz,封装形式,lesop(4),封装尺寸,"0.181,4.60mmwidth",频率稳定度,±50ppm
名称,osc cmos prog 1.8v st smd,型号,sg-8003jf-seb,分类,可编程振荡器,生产厂家,epson,厂商地域,日本,温度范围,-20～70℃,	工作电压,1.8V	,	output,cmos	,	type,xo (standard)	,	function,standby	,	mounting type,surface mount	,	current - supply (max),10ma	,	programmable type,programmed by digi-key (enter your frequency in web order notes)	,	size / dimension,0.280 l x 0.181 w (7.10mm x 4.60mm)	,	available frequency range,1mhz ~ 166mhz,封装形式,lesop(4),频率稳定度,±50ppm,封装尺寸,"0.181,4.60mmwidth"
名称,osc cmos prog 1.8v st smd,型号,sg-8003jf-sec,分类,可编程振荡器,生产厂家,epson,厂商地域,日本,温度范围,-20～70℃,	工作电压,1.8V	,	output,cmos	,	type,xo (standard)	,	function,standby	,	mounting type,surface mount	,	current - supply (max),10ma	,	programmable type,programmed by digi-key (enter your frequency in web order notes)	,	size / dimension,0.280 l x 0.181 w (7.10mm x 4.60mm)	,	available frequency range,1mhz ~ 166mhz,封装形式,lesop(4),频率稳定度,±100ppm,封装尺寸,"0.181,4.60mmwidth"
名称,osc cmos prog 2.5v oe smd,型号,sg-8003jf-pdc,分类,可编程振荡器,生产厂家,epson,厂商地域,日本,温度范围,-20～70℃,	工作电压,2.5V	,	output,cmos	,	type,xo (standard)	,	function,enable/disable	,	mounting type,surface mount	,	current - supply (max),15ma	,	programmable type,programmed by digi-key (enter your frequency in web order notes)	,	size / dimension,0.280 l x 0.181 w (7.10mm x 4.60mm)	,	available frequency range,1mhz ~ 166mhz,封装形式,lesop(4),频率稳定度,±100ppm,封装尺寸,"0.181,4.60mmwidth"
名称,osc cmos prog 3.3v oe smd,型号,sg-8003jf-pcl,分类,可编程振荡器,生产厂家,epson,厂商地域,日本,质量等级,工业级,温度范围,-40～85℃,	工作电压,3.3V	,	output,cmos	,	type,xo (standard)	,	function,enable/disable	,	mounting type,surface mount	,	current - supply (max),15ma	,	programmable type,programmed by digi-key (enter your frequency in web order notes)	,	available frequency range,1mhz ~ 166mhz,封装形式,lesop(4),封装尺寸,"0.181,4.60mmwidth",频率稳定度,±50ppm
名称,osc cmos prog 3.3v st smd,型号,sg-8003jf-scl,分类,可编程振荡器,生产厂家,epson,厂商地域,日本,质量等级,工业级,温度范围,-40～85℃,	工作电压,3.3V	,	output,cmos	,	type,xo (standard)	,	function,standby	,	mounting type,surface mount	,	current - supply (max),15ma	,	programmable type,programmed by digi-key (enter your frequency in web order notes)	,	available frequency range,1mhz ~ 166mhz,封装形式,lesop(4),封装尺寸,"0.181,4.60mmwidth",频率稳定度,±50ppm
名称,osc cmos prog 1.8v oe smd,型号,sg-8003ca-peb,分类,可编程振荡器,生产厂家,epson,厂商地域,日本,温度范围,-20～70℃,	工作电压,1.8V	,	output,cmos	,	type,xo (standard)	,	function,enable/disable	,	mounting type,surface mount	,	current - supply (max),10ma	,	programmable type,programmed by digi-key (enter your frequency in web order notes)	,	size / dimension,0.276 l x 0.197 w (7.00mm x 5.00mm)	,	available frequency range,1mhz ~ 166mhz,封装形式,smd(4),封装尺寸,"dfn,lcc",频率稳定度,±50ppm
名称,osc cmos prog 1.8v st smd,型号,sg-8003ca-seb,分类,可编程振荡器,生产厂家,epson,厂商地域,日本,温度范围,-20～70℃,	工作电压,1.8V	,	output,cmos	,	type,xo (standard)	,	function,standby	,	mounting type,surface mount	,	current - supply (max),10ma	,	programmable type,programmed by digi-key (enter your frequency in web order notes)	,	size / dimension,0.276 l x 0.197 w (7.00mm x 5.00mm)	,	available frequency range,1mhz ~ 166mhz,封装形式,smd(4),频率稳定度,±50ppm,封装尺寸,"dfn,lcc"
名称,RMK型有可靠性指标的片式厚膜固定电阻器,型号,RMK1005,分类,片式膜电阻器,生产厂家,中国振华集团云科电子有限公司,厂商地域,贵州贵阳,质量等级,A1P,温度范围,-65～150℃,阻值范围,10-1MΩ,封装形式,SMD,额定功耗,0.04W,阻值允许偏差,F(±1%)G(±2%)，J(±5%),重量,0.0006～0.00066g,产品特点及用途,阻值精度高，温度系数小，高频性能好，可靠性高，体积小，重量轻，安装方便，可广泛应用于卫星，火箭，雷达，电子对抗等有可靠性要求的电子整机中,电阻温度系数,K(±100)，M(±300),极限电压,25V,参考单价,4.8～13.6元,年供货量,5000万只,年供货周期,5～30天
名称,RMK型有可靠性指标的片式厚膜固定电阻器,型号,RMK1608,分类,片式膜电阻器,生产厂家,中国振华集团云科电子有限公司,厂商地域,贵州贵阳,质量等级,A1P,温度范围,-65～150℃,阻值范围,10-1MΩ,封装形式,SMD,额定功耗,0.063W,阻值允许偏差,F(±1%)G(±2%)，J(±5%),重量,0.0021g,产品特点及用途,阻值精度高，温度系数小，高频性能好，可靠性高，体积小，重量轻，安装方便，可广泛应用于卫星，火箭，雷达，电子对抗等有可靠性要求的电子整机中,电阻温度系数,K(±100)，M(±300),极限电压,40V,参考单价,4～15.5元,年供货量,5000万只,年供货周期,5～30天
名称,RMK型有可靠性指标的片式厚膜固定电阻器,型号,RMK2012,分类,片式膜电阻器,生产厂家,中国振华集团云科电子有限公司,厂商地域,贵州贵阳,质量等级,A1P,温度范围,-65～150℃,阻值范围,1-1MΩ,封装形式,SMD,额定功耗,0.1W,阻值允许偏差,F(±1%)G(±2%)，J(±5%),重量,0.005g,产品特点及用途,阻值精度高，温度系数小，高频性能好，可靠性高，体积小，重量轻，安装方便，可广泛应用于卫星，火箭，雷达，电子对抗等有可靠性要求的电子整机中,电阻温度系数,K(±100)，M(±300),极限电压,50V,参考单价,4～15.5元,年供货量,5000万只,年供货周期,5～30天
名称,RMK型有可靠性指标的片式厚膜固定电阻器,型号,RMK3216,分类,片式膜电阻器,生产厂家,中国振华集团云科电子有限公司,厂商地域,贵州贵阳,质量等级,A1P,温度范围,-65～150℃,阻值范围,1-1MΩ,封装形式,SMD,额定功耗,0.25W,阻值允许偏差,F(±1%)G(±2%)，J(±5%),重量,0.0095g,产品特点及用途,阻值精度高，温度系数小，高频性能好，可靠性高，体积小，重量轻，安装方便，可广泛应用于卫星，火箭，雷达，电子对抗等有可靠性要求的电子整机中,电阻温度系数,K(±100)，M(±300),极限电压,100V,参考单价,4～19.2元,年供货量,5000万只,年供货周期,5～30天
名称,RMK型有可靠性指标的片式厚膜固定电阻器,型号,RMK3225,分类,片式膜电阻器,生产厂家,中国振华集团云科电子有限公司,厂商地域,贵州贵阳,质量等级,A1P,温度范围,-65～150℃,阻值范围,10-1MΩ,封装形式,SMD,额定功耗,0.25W,阻值允许偏差,F(±1%)G(±2%)，J(±5%),重量,0.017g,产品特点及用途,阻值精度高，温度系数小，高频性能好，可靠性高，体积小，重量轻，安装方便，可广泛应用于卫星，火箭，雷达，电子对抗等有可靠性要求的电子整机中,电阻温度系数,K(±100)，M(±300),极限电压,150V,参考单价,7～23元,年供货量,5000万只,年供货周期,5～30天
名称,RMK型有可靠性指标的片式厚膜固定电阻器,型号,RMK5025,分类,片式膜电阻器,生产厂家,中国振华集团云科电子有限公司,厂商地域,贵州贵阳,质量等级,A1P,温度范围,-65～150℃,阻值范围,10-10MΩ,封装形式,SMD,额定功耗,0.8W,阻值允许偏差,F(±1%)G(±2%)，J(±5%),重量,0.026g,产品特点及用途,阻值精度高，温度系数小，高频性能好，可靠性高，体积小，重量轻，安装方便，可广泛应用于卫星，火箭，雷达，电子对抗等有可靠性要求的电子整机中,电阻温度系数,K(±100)，M(±300),极限电压,150V,参考单价,8～23元,年供货量,5000万只,年供货周期,5～30天
名称,RMK型有可靠性指标的片式厚膜固定电阻器,型号,RMK6332,分类,片式膜电阻器,生产厂家,中国振华集团云科电子有限公司,厂商地域,贵州贵阳,质量等级,A1P,温度范围,-65～150℃,阻值范围,10-10MΩ,封装形式,SMD,额定功耗,1.0W,阻值允许偏差,F(±1%)G(±2%)，J(±5%),重量,0.042g,产品特点及用途,阻值精度高，温度系数小，高频性能好，可靠性高，体积小，重量轻，安装方便，可广泛应用于卫星，火箭，雷达，电子对抗等有可靠性要求的电子整机中,电阻温度系数,K(±100)，M(±300),极限电压,200V,参考单价,9～54元,年供货量,5000万只,年供货周期,5～30天
名称,RMK型有可靠性指标的片式薄膜固定电阻器,型号,RMK1005,分类,片式膜电阻器,生产厂家,中国振华集团云科电子有限公司,厂商地域,贵州贵阳,质量等级,A2,温度范围,-65～155℃,阻值范围,10-100KΩ,封装形式,SMD,额定功耗,0.05W,阻值允许偏差,W(±0.05)B(±0.1%)D(±0.5%)，F(±1%),重量,0.00057～0.00061g,产品特点及用途,片式薄膜固定电阻器结合了片式厚膜电阻器的“轻，薄，短，小”和传统精密电阻“高精度，低温度系数”的优点,电阻温度系数,±10，±25，±50,极限电压,25V,参考单价,25～115元,年供货量,5000万只,年供货周期,180天
名称,RMK型有可靠性指标的片式薄膜固定电阻器,型号,RMK1608,分类,片式膜电阻器,生产厂家,中国振华集团云科电子有限公司,厂商地域,贵州贵阳,质量等级,A2,温度范围,-65～155℃,阻值范围,10-260KΩ,封装形式,SMD,额定功耗,0.07W,阻值允许偏差,W(±0.05)B(±0.1%)D(±0.5%),重量,0.002g,产品特点及用途,片式薄膜固定电阻器结合了片式厚膜电阻器的“轻，薄，短，小”和传统精密电阻“高精度，低温度系数”的优点,电阻温度系数,±10，±25，±50,极限电压,50V,参考单价,20～110元,年供货量,5000万只,年供货周期,5～30天
名称,RMK型有可靠性指标的片式薄膜固定电阻器,型号,RMK2012,分类,片式膜电阻器,生产厂家,中国振华集团云科电子有限公司,厂商地域,贵州贵阳,质量等级,A2,温度范围,-65～155℃,阻值范围,10-300KΩ,封装形式,SMD,额定功耗,0.1W,阻值允许偏差,W(±0.05)B(±0.1%)D(±0.5%),重量,0.0042g,产品特点及用途,片式薄膜固定电阻器结合了片式厚膜电阻器的“轻，薄，短，小”和传统精密电阻“高精度，低温度系数”的优点,电阻温度系数,±10，±25，±50,极限电压,50V,参考单价,20～110元,年供货量,5000万只,年供货周期,5～30天
名称,RMK型有可靠性指标的片式薄膜固定电阻器,型号,RMK3216,分类,片式膜电阻器,生产厂家,中国振华集团云科电子有限公司,厂商地域,贵州贵阳,质量等级,A2,温度范围,-65～155℃,阻值范围,10-1MΩ,封装形式,SMD,额定功耗,0.25W,阻值允许偏差,W(±0.05)B(±0.1%)D(±0.5%),重量,0.0095g,产品特点及用途,片式薄膜固定电阻器结合了片式厚膜电阻器的“轻，薄，短，小”和传统精密电阻“高精度，低温度系数”的优点,电阻温度系数,±10，±25，±50,极限电压,100V,参考单价,20～110元,年供货量,5000万只,年供货周期,5～30天
名称,RMK型有可靠性指标的片式薄膜固定电阻器,型号,RMK3225,分类,片式膜电阻器,生产厂家,中国振华集团云科电子有限公司,厂商地域,贵州贵阳,质量等级,A2,温度范围,-65～155℃,阻值范围,10-1MΩ,封装形式,SMD,额定功耗,0.33W,阻值允许偏差,W(±0.05)B(±0.1%)D(±0.5%),重量,0.016g,产品特点及用途,片式薄膜固定电阻器结合了片式厚膜电阻器的“轻，薄，短，小”和传统精密电阻“高精度，低温度系数”的优点,电阻温度系数,±10，±25，±50,极限电压,100V,参考单价,31～130元,年供货量,5000万只,年供货周期,5～30天
名称,RMK型有可靠性指标的片式薄膜固定电阻器,型号,RMK5025,分类,片式膜电阻器,生产厂家,中国振华集团云科电子有限公司,厂商地域,贵州贵阳,质量等级,A2,温度范围,-65～155℃,阻值范围,10-3MΩ,封装形式,SMD,额定功耗,0.4W,阻值允许偏差,W(±0.05)B(±0.1%)D(±0.5%),重量,0.024g,产品特点及用途,片式薄膜固定电阻器结合了片式厚膜电阻器的“轻，薄，短，小”和传统精密电阻“高精度，低温度系数”的优点,电阻温度系数,±10，±25，±50,极限电压,150V,参考单价,45～136元,年供货量,5000万只,年供货周期,5～30天
名称,RMK型有可靠性指标的片式薄膜固定电阻器,型号,RMK6332,分类,片式膜电阻器,生产厂家,中国振华集团云科电子有限公司,厂商地域,贵州贵阳,质量等级,A2,温度范围,-65～155℃,阻值范围,10-3MΩ,封装形式,SMD,额定功耗,0.5W,阻值允许偏差,W(±0.05)B(±0.1%)D(±0.5%),重量,0.04g,产品特点及用途,片式薄膜固定电阻器结合了片式厚膜电阻器的“轻，薄，短，小”和传统精密电阻“高精度，低温度系数”的优点,电阻温度系数,±10，±25，±50,极限电压,200V,参考单价,55～142元,年供货量,5000万只,年供货周期,5～30天
名称,RMZ型含宇航级零欧姆片式电阻器,型号,RMZ1005,分类,片式膜电阻器,生产厂家,中国振华集团云科电子有限公司,厂商地域,贵州贵阳,质量等级,SAST,封装形式,SMD,最大电流,1.3A,最大阻值,30mΩ,额定功耗,0.05W,重量,0.0006～0.00066g,产品特点及用途,阻值精度高，温度系数小，高频性能好，可靠性高，体积小，重量轻，安装方便，可广泛应用于卫星，火箭，雷达，电子对抗等有可靠性要求的电子整机中,参考单价,6～12元,年供货量,5000万只,年供货周期,5～30天
名称,RMZ型含宇航级零欧姆片式电阻器,型号,RMZ1608,分类,片式膜电阻器,生产厂家,中国振华集团云科电子有限公司,厂商地域,贵州贵阳,质量等级,SAST,封装形式,SMD,最大电流,1.8A,最大阻值,30mΩ,额定功耗,0.1W,重量,0.0021g,产品特点及用途,阻值精度高，温度系数小，高频性能好，可靠性高，体积小，重量轻，安装方便，可广泛应用于卫星，火箭，雷达，电子对抗等有可靠性要求的电子整机中,参考单价,5～10元,年供货量,5000万只,年供货周期,5～30天
名称,RMZ型含宇航级零欧姆片式电阻器,型号,RMZ2012,分类,片式膜电阻器,生产厂家,中国振华集团云科电子有限公司,厂商地域,贵州贵阳,质量等级,SAST,封装形式,SMD,最大电流,2.7A,最大阻值,20mΩ,额定功耗,0.15W,重量,0.005g,产品特点及用途,阻值精度高，温度系数小，高频性能好，可靠性高，体积小，重量轻，安装方便，可广泛应用于卫星，火箭，雷达，电子对抗等有可靠性要求的电子整机中,参考单价,5～10元,年供货量,5000万只,年供货周期,5～30天
名称,RMZ型含宇航级零欧姆片式电阻器,型号,RMZ3216,分类,片式膜电阻器,生产厂家,中国振华集团云科电子有限公司,厂商地域,贵州贵阳,质量等级,SAST,封装形式,SMD,最大电流,3.2A,最大阻值,25mΩ,额定功耗,0.25W,重量,0.0095g,产品特点及用途,阻值精度高，温度系数小，高频性能好，可靠性高，体积小，重量轻，安装方便，可广泛应用于卫星，火箭，雷达，电子对抗等有可靠性要求的电子整机中,参考单价,5～10元,年供货量,5000万只,年供货周期,5～30天
名称,RMZ型含宇航级零欧姆片式电阻器,型号,RMZ3225,分类,片式膜电阻器,生产厂家,中国振华集团云科电子有限公司,厂商地域,贵州贵阳,质量等级,SAST,封装形式,SMD,最大电流,4.47A,最大阻值,25mΩ,额定功耗,0.5W,重量,0.017g,产品特点及用途,阻值精度高，温度系数小，高频性能好，可靠性高，体积小，重量轻，安装方便，可广泛应用于卫星，火箭，雷达，电子对抗等有可靠性要求的电子整机中,参考单价,6～12元,年供货量,5000万只,年供货周期,5～30天
名称,RMZ型含宇航级零欧姆片式电阻器,型号,RMZ5025,分类,片式膜电阻器,生产厂家,中国振华集团云科电子有限公司,厂商地域,贵州贵阳,质量等级,SAST,封装形式,SMD,最大电流,5.7A,最大阻值,25mΩ,额定功耗,0.8W,重量,0.026g,产品特点及用途,阻值精度高，温度系数小，高频性能好，可靠性高，体积小，重量轻，安装方便，可广泛应用于卫星，火箭，雷达，电子对抗等有可靠性要求的电子整机中,参考单价,7～14元,年供货量,5000万只,年供货周期,5～30天
名称,RMZ型含宇航级零欧姆片式电阻器,型号,RMZ6332,分类,片式膜电阻器,生产厂家,中国振华集团云科电子有限公司,厂商地域,贵州贵阳,质量等级,SAST,封装形式,SMD,最大电流,6.3A,最大阻值,25mΩ,额定功耗,1.0W,重量,0.042g,产品特点及用途,阻值精度高，温度系数小，高频性能好，可靠性高，体积小，重量轻，安装方便，可广泛应用于卫星，火箭，雷达，电子对抗等有可靠性要求的电子整机中,参考单价,8～16元,年供货量,5000万只,年供货周期,5～30天
名称,RMK6332型2W片式厚膜固定电阻器,型号,RMK6332-2W,分类,片式膜电阻器,生产厂家,中国振华集团云科电子有限公司,厂商地域,贵州贵阳,质量等级,A2,温度范围,-65～150℃,阻值范围,1-10KΩ,封装形式,SMD,额定功耗,2.0W,阻值允许偏差,F(±1%)G(±2%)，J(±5%),重量,0.042g,产品特点及用途,阻值精度高，温度系数小，高频性能好，可靠性高，体积小，重量轻，安装方便，可广泛应用于卫星，火箭，雷达，电子对抗等有可靠性要求的电子整机中,电阻温度系数,K(±100)，M(±300),极限电压,200V,参考单价,20～120元,年供货量,5000万只,年供货周期,5～30天
名称,RMK3263型3W片式厚膜固定电阻器,型号,RMK3263,分类,片式膜电阻器,生产厂家,中国振华集团云科电子有限公司,厂商地域,贵州贵阳,质量等级,A2,温度范围,-65～150℃,阻值范围,1-1MΩ,封装形式,SMD,额定功耗,3.0W,阻值允许偏差,F(±1%)G(±2%)，J(±5%),重量,0.043g,产品特点及用途,相同体积下，额定功率提高2倍以上，该制造技术已获国家专利授权,电阻温度系数,K(±100)，M(±300),极限电压,200V,参考单价,40～85元,年供货量,5000万只,年供货周期,5～30天
名称,RM型系列大功率片式厚膜固定电阻器,型号,RM3225-1W,分类,片式膜电阻器,生产厂家,中国振华集团云科电子有限公司,厂商地域,贵州贵阳,质量等级,A2,温度范围,-65～150℃,阻值范围,0.47-1KΩ,封装形式,SMD,额定功耗,1.0W,重量,0.029g,阻值允许偏差,J(±5%)K(±10%),产品特点及用途,阻值精度高，温度系数小，高频性能好，可靠性高，体积小，重量轻，安装方便，可广泛应用于卫星，火箭，雷达，电子对抗等有可靠性要求的电子整机中,电阻温度系数,M(±300),参考单价,30～55元,年供货量,5000万只,年供货周期,5～30天
名称,RM型系列大功率片式厚膜固定电阻器,型号,RM6332-4W,分类,片式膜电阻器,生产厂家,中国振华集团云科电子有限公司,厂商地域,贵州贵阳,质量等级,A2,温度范围,-65～150℃,阻值范围,5.6-1.2KΩ,封装形式,SMD,额定功耗,4.0W,重量,0.071g,阻值允许偏差,J(±5%)K(±10%),产品特点及用途,阻值精度高，温度系数小，高频性能好，可靠性高，体积小，重量轻，安装方便，可广泛应用于卫星，火箭，雷达，电子对抗等有可靠性要求的电子整机中,电阻温度系数,K(±100)，M(±300),参考单价,48～80元,年供货量,5000万只,年供货周期,5～30天
名称,RM型系列大功率片式厚膜固定电阻器,型号,RM6363-4W,分类,片式膜电阻器,生产厂家,中国振华集团云科电子有限公司,厂商地域,贵州贵阳,质量等级,A2,温度范围,-65～150℃,阻值范围,0.15-1Ω,封装形式,SMD,额定功耗,4.0W,重量,0.17g,阻值允许偏差,J(±5%)K(±10%),产品特点及用途,阻值精度高，温度系数小，高频性能好，可靠性高，体积小，重量轻，安装方便，可广泛应用于卫星，火箭，雷达，电子对抗等有可靠性要求的电子整机中,电阻温度系数,K(±100)，M(±300),参考单价,60～100元,年供货量,5000万只,年供货周期,5～30天
名称,RM型系列大功率片式厚膜固定电阻器,型号,RM6363-6W,分类,片式膜电阻器,生产厂家,中国振华集团云科电子有限公司,厂商地域,贵州贵阳,质量等级,A2,封装形式,SMD,温度范围,-65～150℃,阻值范围,4.7-1KΩ,额定功耗,6.0W,阻值允许偏差,J(±5%)K(±10%),重量,0.17g,电阻温度系数,K(±100)，M(±300),产品特点及用途,阻值精度高，温度系数小，高频性能好，可靠性高，体积小，重量轻，安装方便，可广泛应用于卫星，火箭，雷达，电子对抗等有可靠性要求的电子整机中,参考单价,92～160元,年供货量,5000万只,年供货周期,5～30天
名称,RM型低阻值系列片式厚膜固定电阻器,型号,RM1005,分类,片式膜电阻器,生产厂家,中国振华集团云科电子有限公司,厂商地域,贵州贵阳,质量等级,A2,温度范围,-55～125℃,阻值范围,1-10Ω,最大电流,0.5A,封装形式,SMD,额定功耗,0.04W,重量,0.0006～0.00066g,阻值允许偏差,J(±5%),产品特点及用途,阻值精度高，温度系数小，高频性能好，可靠性高，体积小，重量轻，安装方便，可广泛应用于卫星，火箭，雷达，电子对抗等有可靠性要求的电子整机中,电阻温度系数,±700,参考单价,2～15元,年供货量,5000万只,年供货周期,5～30天
名称,RM型低阻值系列片式厚膜固定电阻器,型号,RM1608,分类,片式膜电阻器,生产厂家,中国振华集团云科电子有限公司,厂商地域,贵州贵阳,质量等级,A2,温度范围,-55～125℃,阻值范围,0.1-10Ω,最大电流,1A,封装形式,SMD,额定功耗,0.063W,重量,0.0021g,阻值允许偏差,G(±2%)J(±5%),产品特点及用途,阻值精度高，温度系数小，高频性能好，可靠性高，体积小，重量轻，安装方便，可广泛应用于卫星，火箭，雷达，电子对抗等有可靠性要求的电子整机中,电阻温度系数,±700,参考单价,2～12元,年供货量,5000万只,年供货周期,5～30天
名称,RM型低阻值系列片式厚膜固定电阻器,型号,RM2012,分类,片式膜电阻器,生产厂家,中国振华集团云科电子有限公司,厂商地域,贵州贵阳,质量等级,A2,温度范围,-55～125℃,阻值范围,0.01-10Ω,最大电流,1A,封装形式,SMD,额定功耗,0.1W,重量,0.005g,阻值允许偏差,F(±1%)G(±2%)J(±5%)K(±10%),产品特点及用途,阻值精度高，温度系数小，高频性能好，可靠性高，体积小，重量轻，安装方便，可广泛应用于卫星，火箭，雷达，电子对抗等有可靠性要求的电子整机中,电阻温度系数,±300,参考单价,1.8～12元,年供货量,5000万只,年供货周期,5～30天
名称,RM型低阻值系列片式厚膜固定电阻器,型号,RM3216,分类,片式膜电阻器,生产厂家,中国振华集团云科电子有限公司,厂商地域,贵州贵阳,质量等级,A2,温度范围,-55～125℃,阻值范围,0.01-10Ω,最大电流,2A,封装形式,SMD,额定功耗,0.25W,重量,0.0095g,阻值允许偏差,F(±1%)G(±2%)J(±5%)K(±10%),产品特点及用途,阻值精度高，温度系数小，高频性能好，可靠性高，体积小，重量轻，安装方便，可广泛应用于卫星，火箭，雷达，电子对抗等有可靠性要求的电子整机中,电阻温度系数,±300,参考单价,1.8～12元,年供货量,5000万只,年供货周期,5～30天
名称,RM型低阻值系列片式厚膜固定电阻器,型号,RM3225,分类,片式膜电阻器,生产厂家,中国振华集团云科电子有限公司,厂商地域,贵州贵阳,质量等级,A2,封装形式,SMD,温度范围,-55～125℃,阻值范围,0.01-10Ω,最大电流,2A,额定功耗,0.25W,阻值允许偏差,F(±1%)G(±2%)J(±5%)K(±10%),重量,0.017g,电阻温度系数,±300,产品特点及用途,阻值精度高，温度系数小，高频性能好，可靠性高，体积小，重量轻，安装方便，可广泛应用于卫星，火箭，雷达，电子对抗等有可靠性要求的电子整机中,参考单价,3～15元,年供货量,5000万只,年供货周期,5～30天
名称,RM型低阻值系列片式厚膜固定电阻器,型号,RM5025,分类,片式膜电阻器,生产厂家,中国振华集团云科电子有限公司,厂商地域,贵州贵阳,质量等级,A2,封装形式,SMD,温度范围,-55～125℃,阻值范围,0.01-10Ω,最大电流,2A,额定功耗,0.5W,阻值允许偏差,F(±1%)G(±2%)J(±5%)K(±10%),重量,0.026g,电阻温度系数,±300,产品特点及用途,阻值精度高，温度系数小，高频性能好，可靠性高，体积小，重量轻，安装方便，可广泛应用于卫星，火箭，雷达，电子对抗等有可靠性要求的电子整机中,参考单价,3.6～18元,年供货量,5000万只,年供货周期,5～30天
名称,RM型低阻值系列片式厚膜固定电阻器,型号,RM6332,分类,片式膜电阻器,生产厂家,中国振华集团云科电子有限公司,厂商地域,贵州贵阳,质量等级,A2,封装形式,SMD,温度范围,-55～125℃,阻值范围,0.01-10Ω,最大电流,2A,额定功耗,1.0W,阻值允许偏差,F(±1%)G(±2%)J(±5%)K(±10%),重量,0.042g,电阻温度系数,±300,产品特点及用途,阻值精度高，温度系数小，高频性能好，可靠性高，体积小，重量轻，安装方便，可广泛应用于卫星，火箭，雷达，电子对抗等有可靠性要求的电子整机中,参考单价,4.8～20元,年供货量,5000万只,年供货周期,5～30天
名称,RM型高阻值系列片式厚膜固定电阻器,型号,RM1608,分类,片式膜电阻器,生产厂家,中国振华集团云科电子有限公司,厂商地域,贵州贵阳,质量等级,A2,温度范围,-55～125℃,阻值范围,10M-1GΩ,封装形式,SMD,额定功耗,0.063W,阻值允许偏差,J(±5%)K(±10%),重量,0.0021g,产品特点及用途,阻值精度高，温度系数小，高频性能好，可靠性高，体积小，重量轻，安装方便，可广泛应用于卫星，火箭，雷达，电子对抗等有可靠性要求的电子整机中,电阻温度系数,±700,极限电压,50V,参考单价,4～12元,年供货量,5000万只,年供货周期,5～30天
名称,RM型高阻值系列片式厚膜固定电阻器,型号,RM2012,分类,片式膜电阻器,生产厂家,中国振华集团云科电子有限公司,厂商地域,贵州贵阳,质量等级,A2,温度范围,-55～125℃,阻值范围,10M-1GΩ,封装形式,SMD,额定功耗,0.1W,阻值允许偏差,J(±5%)K(±10%),重量,0.005g,产品特点及用途,阻值精度高，温度系数小，高频性能好，可靠性高，体积小，重量轻，安装方便，可广泛应用于卫星，火箭，雷达，电子对抗等有可靠性要求的电子整机中,电阻温度系数,±700,极限电压,100V,参考单价,4～12元,年供货量,5000万只,年供货周期,5～30天
名称,RM型高阻值系列片式厚膜固定电阻器,型号,RM3216,分类,片式膜电阻器,生产厂家,中国振华集团云科电子有限公司,厂商地域,贵州贵阳,质量等级,A2,温度范围,-55～125℃,阻值范围,10M-1GΩ,封装形式,SMD,额定功耗,0.25W,阻值允许偏差,J(±5%)K(±10%),重量,0.0095g,产品特点及用途,阻值精度高，温度系数小，高频性能好，可靠性高，体积小，重量轻，安装方便，可广泛应用于卫星，火箭，雷达，电子对抗等有可靠性要求的电子整机中,电阻温度系数,±700,极限电压,200V,参考单价,4～12元,年供货量,5000万只,年供货周期,5～30天
名称,RM型高阻值系列片式厚膜固定电阻器,型号,RM3225,分类,片式膜电阻器,生产厂家,中国振华集团云科电子有限公司,厂商地域,贵州贵阳,质量等级,A2,温度范围,-55～125℃,阻值范围,10M-1GΩ,封装形式,SMD,额定功耗,0.25W,阻值允许偏差,J(±5%)K(±10%),重量,0.017g,产品特点及用途,阻值精度高，温度系数小，高频性能好，可靠性高，体积小，重量轻，安装方便，可广泛应用于卫星，火箭，雷达，电子对抗等有可靠性要求的电子整机中,电阻温度系数,±700,极限电压,200V,参考单价,5～16元,年供货量,5000万只,年供货周期,5～30天
名称,RM型高阻值系列片式厚膜固定电阻器,型号,RM5025,分类,片式膜电阻器,生产厂家,中国振华集团云科电子有限公司,厂商地域,贵州贵阳,质量等级,A2,温度范围,-55～125℃,阻值范围,10M-1GΩ,封装形式,SMD,额定功耗,0.6W,阻值允许偏差,J(±5%)K(±10%),重量,0.026g,产品特点及用途,阻值精度高，温度系数小，高频性能好，可靠性高，体积小，重量轻，安装方便，可广泛应用于卫星，火箭，雷达，电子对抗等有可靠性要求的电子整机中,电阻温度系数,±700,极限电压,200V,参考单价,7～20元,年供货量,5000万只,年供货周期,5～30天
名称,RM型高阻值系列片式厚膜固定电阻器,型号,RM6332,分类,片式膜电阻器,生产厂家,中国振华集团云科电子有限公司,厂商地域,贵州贵阳,质量等级,A2,温度范围,-55～125℃,阻值范围,10M-1GΩ,封装形式,SMD,额定功耗,1.0W,阻值允许偏差,J(±5%)K(±10%),重量,0.042g,产品特点及用途,阻值精度高，温度系数小，高频性能好，可靠性高，体积小，重量轻，安装方便，可广泛应用于卫星，火箭，雷达，电子对抗等有可靠性要求的电子整机中,电阻温度系数,±700,极限电压,200V,参考单价,9～24元,年供货量,5000万只,年供货周期,5～30天
名称,RM6363型片式厚膜火工品电阻器,型号,RM6363,分类,片式膜电阻器,生产厂家,中国振华集团云科电子有限公司,厂商地域,贵州贵阳,质量等级,A2,封装形式,SMD,温度范围,-65～150℃,阻值范围,1-10Ω,阻值变化量,≤±（5%R＋0.05Ω）额定功耗,冲击功耗/冲击时间,A,阻值允许偏差,J(±5%),重量,0.25g,电阻温度系数,±300,产品特点及用途,能在规定时间内承受200W功耗冲击且阻值稳定，并兼具过载保护功能；小型化，表面安装的特点。在发射，点爆，弹射等电子线路中应用广泛。,参考单价,110～20元,年供货量,5000万只,年供货周期,5～30天
名称,RM6332-G型毫欧级片式精密合金箔电阻器,型号,RM6332-G,分类,片式膜电阻器,生产厂家,中国振华集团云科电子有限公司,厂商地域,贵州贵阳,质量等级,A2,封装形式,SMD,温度范围,-55～125℃,阻值范围,2≤R＜5mΩ，5≤R≤20mΩ，20＜R≤300mΩ,额定功耗,2W/1W,阻值允许偏差,D(±0.5%)F(±1%)G(±2%)J(±5%)K(±10%),重量,0.042g,电阻温度系数,"±100,±300",产品特点及用途,具有毫欧级片式固定电阻器的全部功能，能适应再流焊和波峰焊，广泛适用于军用取样电路及低压断路器，热过载继电器等低压电器产品中。,参考单价,68～170元,年供货量,5000万只,年供货周期,5～30天
名称,RI型片式厚膜高压固定电阻器,型号,RI3216,分类,片式膜电阻器,生产厂家,中国振华集团云科电子有限公司,厂商地域,贵州贵阳,质量等级,A2,温度范围,-55～125℃,阻值范围,10K-1000MΩ,封装形式,SMD,额定功耗,0.25W,阻值允许偏差,J(±5%)K(±10%)M(±20%),重量,0.0095g,产品特点及用途,工作电压可高达4000V，能承受线路中的高压冲击，该制造技术已获国家专利授权。,电阻温度系数,±200，±500,极限电压,1800V,参考单价,150～200,年供货量,5000万只,年供货周期,5～30天
名称,RI型片式厚膜高压固定电阻器,型号,RI6332,分类,片式膜电阻器,生产厂家,中国振华集团云科电子有限公司,厂商地域,贵州贵阳,质量等级,A2,温度范围,-55～125℃,阻值范围,10K-1000MΩ,封装形式,SMD,额定功耗,0.6W,阻值允许偏差,J(±5%)K(±10%)M(±20%),重量,0.042g,产品特点及用途,工作电压可高达4000V，能承受线路中的高压冲击，该制造技术已获国家专利授权。,电阻温度系数,±200，±500,极限电压,4000V,参考单价,160～248,年供货量,5000万只,年供货周期,5～30天
名称,rmk型有可靠性指标的片式膜固定电阻器,型号,rmk2012mb4423j,分类,片式膜电阻器,生产厂家,北京七一八友晟电子有限公司,厂商地域,北京,质量等级,lms,温度范围,-65～150℃,温度特性,±300ppm/℃,封装形式,smd0805,额定功耗,0.1W,标称阻值,442kΩ,封装尺寸,2.03×1.27,阻值允许偏差,±5%
名称,rmk型有可靠性指标的片式膜固定电阻器,型号,rmk2012mb2940j,分类,片式膜电阻器,生产厂家,北京七一八友晟电子有限公司,厂商地域,北京,质量等级,lms,温度范围,-65～150℃,温度特性,±300ppm/℃,封装形式,smd0805,额定功耗,0.1W,标称阻值,294Ω,封装尺寸,2.03×1.27,阻值允许偏差,±5%
名称,rmk型有可靠性指标的片式膜固定电阻器,型号,rmk2012mb304j,分类,片式膜电阻器,生产厂家,北京七一八友晟电子有限公司,厂商地域,北京,质量等级,lms,温度范围,-65～150℃,温度特性,±300ppm/℃,封装形式,smd0805,额定功耗,0.1W,标称阻值,300kΩ,封装尺寸,2.03×1.27,阻值允许偏差,±5%
名称,rmk型有可靠性指标的片式膜固定电阻器,型号,rmk2012mb3092j,分类,片式膜电阻器,生产厂家,北京七一八友晟电子有限公司,厂商地域,北京,质量等级,lms,温度范围,-65～150℃,温度特性,±300ppm/℃,封装形式,smd0805,额定功耗,0.1W,标称阻值,30.9kΩ,封装尺寸,2.03×1.27,阻值允许偏差,±5%
名称,rmk型有可靠性指标的片式膜固定电阻器,型号,rmk2012mb3093j,分类,片式膜电阻器,生产厂家,北京七一八友晟电子有限公司,厂商地域,北京,质量等级,lms,温度范围,-65～150℃,温度特性,±300ppm/℃,封装形式,smd0805,额定功耗,0.1W,标称阻值,309kΩ,封装尺寸,2.03×1.27,阻值允许偏差,±5%
名称,rmk型有可靠性指标的片式膜固定电阻器,型号,rmk2012mb30r1j,分类,片式膜电阻器,生产厂家,北京七一八友晟电子有限公司,厂商地域,北京,质量等级,lms,温度范围,-65～150℃,温度特性,±300ppm/℃,封装形式,smd0805,额定功耗,0.1W,标称阻值,30.1Ω,封装尺寸,2.03×1.27,阻值允许偏差,±5%
名称,rmk型有可靠性指标的片式膜固定电阻器,型号,rmk2012mb30r9j,分类,片式膜电阻器,生产厂家,北京七一八友晟电子有限公司,厂商地域,北京,质量等级,lms,温度范围,-65～150℃,温度特性,±300ppm/℃,封装形式,smd0805,额定功耗,0.1W,标称阻值,30.9Ω,封装尺寸,2.03×1.27,阻值允许偏差,±5%
名称,rmk型有可靠性指标的片式膜固定电阻器,型号,rmk2012mb3162j,分类,片式膜电阻器,生产厂家,北京七一八友晟电子有限公司,厂商地域,北京,质量等级,lms,温度范围,-65～150℃,温度特性,±300ppm/℃,封装形式,smd0805,额定功耗,0.1W,标称阻值,31.6kΩ,封装尺寸,2.03×1.27,阻值允许偏差,±5%
名称,rmk型有可靠性指标的片式膜固定电阻器,型号,rmk2012mb3163j,分类,片式膜电阻器,生产厂家,北京七一八友晟电子有限公司,厂商地域,北京,质量等级,lms,温度范围,-65～150℃,温度特性,±300ppm/℃,封装形式,smd0805,额定功耗,0.1W,标称阻值,316kΩ,封装尺寸,2.03×1.27,阻值允许偏差,±5%
名称,rmk型有可靠性指标的片式膜固定电阻器,型号,rmk2012mb31r6j,分类,片式膜电阻器,生产厂家,北京七一八友晟电子有限公司,厂商地域,北京,质量等级,lms,温度范围,-65～150℃,温度特性,±300ppm/℃,封装形式,smd0805,额定功耗,0.1W,标称阻值,31.6Ω,封装尺寸,2.03×1.27,阻值允许偏差,±5%
名称,rmk型有可靠性指标的片式膜固定电阻器,型号,rmk2012mb331j,分类,片式膜电阻器,生产厂家,北京七一八友晟电子有限公司,厂商地域,北京,质量等级,lms,温度范围,-65～150℃,温度特性,±300ppm/℃,封装形式,smd0805,额定功耗,0.1W,标称阻值,330Ω,封装尺寸,2.03×1.27,阻值允许偏差,±5%
名称,rmk型有可靠性指标的片式膜固定电阻器,型号,rmk2012mb3322j,分类,片式膜电阻器,生产厂家,北京七一八友晟电子有限公司,厂商地域,北京,质量等级,lms,温度范围,-65～150℃,温度特性,±300ppm/℃,封装形式,smd0805,额定功耗,0.1W,标称阻值,33.2kΩ,封装尺寸,2.03×1.27,阻值允许偏差,±5%
名称,rmk型有可靠性指标的片式膜固定电阻器,型号,rmk2012mb333j,分类,片式膜电阻器,生产厂家,北京七一八友晟电子有限公司,厂商地域,北京,质量等级,lms,温度范围,-65～150℃,温度特性,±300ppm/℃,封装形式,smd0805,额定功耗,0.1W,标称阻值,33kΩ,封装尺寸,2.03×1.27,阻值允许偏差,±5%
名称,rmk型有可靠性指标的片式膜固定电阻器,型号,rmk2012mb3400j,分类,片式膜电阻器,生产厂家,北京七一八友晟电子有限公司,厂商地域,北京,质量等级,lms,温度范围,-65～150℃,温度特性,±300ppm/℃,封装形式,smd0805,额定功耗,0.1W,标称阻值,340Ω,封装尺寸,2.03×1.27,阻值允许偏差,±5%
名称,rmk型有可靠性指标的片式膜固定电阻器,型号,rmk2012mb3402j,分类,片式膜电阻器,生产厂家,北京七一八友晟电子有限公司,厂商地域,北京,质量等级,lms,温度范围,-65～150℃,温度特性,±300ppm/℃,封装形式,smd0805,额定功耗,0.1W,标称阻值,34kΩ,封装尺寸,2.03×1.27,阻值允许偏差,±5%
名称,rmk型有可靠性指标的片式膜固定电阻器,型号,rmk2012mb3481j,分类,片式膜电阻器,生产厂家,北京七一八友晟电子有限公司,厂商地域,北京,质量等级,lms,温度范围,-65～150℃,温度特性,±300ppm/℃,封装形式,smd0805,额定功耗,0.1W,标称阻值,3.48kΩ,封装尺寸,2.03×1.27,阻值允许偏差,±5%
名称,rmk型有可靠性指标的片式膜固定电阻器,型号,rmk2012mb3483j,分类,片式膜电阻器,生产厂家,北京七一八友晟电子有限公司,厂商地域,北京,质量等级,lms,温度范围,-65～150℃,温度特性,±300ppm/℃,封装形式,smd0805,额定功耗,0.1W,标称阻值,348kΩ,封装尺寸,2.03×1.27,阻值允许偏差,±5%
名称,rmk型有可靠性指标的片式膜固定电阻器,型号,rmk2012mb34r0j,分类,片式膜电阻器,生产厂家,北京七一八友晟电子有限公司,厂商地域,北京,质量等级,lms,温度范围,-65～150℃,温度特性,±300ppm/℃,封装形式,smd0805,额定功耗,0.1W,标称阻值,34Ω,封装尺寸,2.03×1.27,阻值允许偏差,±5%
名称,rmk型有可靠性指标的片式膜固定电阻器,型号,rmk2012mb3573j,分类,片式膜电阻器,生产厂家,北京七一八友晟电子有限公司,厂商地域,北京,质量等级,lms,温度范围,-65～150℃,温度特性,±300ppm/℃,封装形式,smd0805,额定功耗,0.1W,标称阻值,357kΩ,封装尺寸,2.03×1.27,阻值允许偏差,±5%
名称,rmk型有可靠性指标的片式膜固定电阻器,型号,rmk2012mb5231j,分类,片式膜电阻器,生产厂家,北京七一八友晟电子有限公司,厂商地域,北京,质量等级,lms,温度范围,-65～150℃,温度特性,±300ppm/℃,封装形式,smd0805,额定功耗,0.1W,标称阻值,5.23kΩ,封装尺寸,2.03×1.27,阻值允许偏差,±5%
名称,硅PNP高频小功率晶体管,型号,3CG1B,分类,普通双极型晶体管,生产厂家,济南市半导体元件实验所,厂商地域,山东济南,质量等级,G,温度范围,﹣55～175℃,工作频率,≥100MHZ,封装形式,A3﹣01B,封装材料,wr,集电极最大允许功耗Pcm,300mW,封装尺寸,wr,集电极直流电流Icm,40mA,重量,0.35,集电极-发射极电压Vceo,≥﹣25V,产品特点及用途,具有特征频率高、反向漏电流小、开关时间小等特点，在电子电路中能起到电流放大、电压放大、功率放大、电子开关、等多种作用,参考单价,180.0,年供货量,10000支,年供货周期,3﹣6个月
名称,硅PNP高频小功率晶体管,型号,3CG1C,分类,普通双极型晶体管,生产厂家,济南市半导体元件实验所,厂商地域,山东济南,质量等级,G,封装形式,A3﹣01B,温度范围,﹣55～175℃,工作频率,≥100MHZ,集电极最大允许功耗Pcm,300mW,集电极直流电流Icm,40mA,重量,0.35,集电极-发射极电压Vceo,≥﹣30V,产品特点及用途,具有特征频率高、反向漏电流小、开关时间小等特点，在电子电路中能起到电流放大、电压放大、功率放大、电子开关、等多种作用,参考单价,180.0,年供货量,10000支,年供货周期,3﹣6个月
名称,硅PNP高频小功率晶体管,型号,3CG1D,分类,普通双极型晶体管,生产厂家,济南市半导体元件实验所,厂商地域,山东济南,质量等级,G,封装形式,A3﹣01B,温度范围,﹣55～175℃,工作频率,≥100MHZ,集电极最大允许功耗Pcm,300mW,集电极直流电流Icm,40mA,重量,0.35,集电极-发射极电压Vceo,≥﹣40V,产品特点及用途,具有特征频率高、反向漏电流小、开关时间小等特点，在电子电路中能起到电流放大、电压放大、功率放大、电子开关、等多种作用,参考单价,180.0,年供货量,10000支,年供货周期,3﹣6个月
名称,硅PNP高频小功率晶体管,型号,3CG1E,分类,普通双极型晶体管,生产厂家,济南市半导体元件实验所,厂商地域,山东济南,质量等级,G,封装形式,A3﹣01B,温度范围,﹣55～175℃,工作频率,≥100MHZ,集电极最大允许功耗Pcm,300mW,集电极直流电流Icm,40mA,集电极-发射极电压Vceo,≥﹣50V,重量,0.35,产品特点及用途,具有特征频率高、反向漏电流小、开关时间小等特点，在电子电路中能起到电流放大、电压放大、功率放大、电子开关、等多种作用,参考单价,180.0,年供货量,10000支,年供货周期,3﹣6个月
名称,硅PNP高频小功率晶体管,型号,3CG1A,分类,普通双极型晶体管,生产厂家,济南市半导体元件实验所,厂商地域,山东济南,质量等级,G,封装形式,UB,温度范围,﹣55～175℃,工作频率,≥100MHZ,集电极最大允许功耗Pcm,300mW,集电极直流电流Icm,40mA,重量,0.04,集电极-发射极电压Vceo,≥﹣15V,产品特点及用途,具有特征频率高、反向漏电流小、开关时间小等特点，在电子电路中能起到电流放大、电压放大、功率放大、电子开关、等多种作用,参考单价,400.0,年供货量,10000支,年供货周期,3﹣6个月
名称,硅PNP高频小功率晶体管,型号,3CG1B,分类,普通双极型晶体管,生产厂家,济南市半导体元件实验所,厂商地域,山东济南,质量等级,G,封装形式,UB,温度范围,﹣55～175℃,工作频率,≥100MHZ,集电极最大允许功耗Pcm,300mW,集电极直流电流Icm,40mA,集电极-发射极电压Vceo,≥﹣25V,重量,0.04,产品特点及用途,具有特征频率高、反向漏电流小、开关时间小等特点，在电子电路中能起到电流放大、电压放大、功率放大、电子开关、等多种作用,参考单价,400.0,年供货量,10000支,年供货周期,3﹣6个月
名称,硅PNP高频小功率晶体管,型号,3CG1C,分类,普通双极型晶体管,生产厂家,济南市半导体元件实验所,厂商地域,山东济南,质量等级,G,封装形式,UB,温度范围,﹣55～175℃,工作频率,≥100MHZ,集电极最大允许功耗Pcm,300mW,集电极直流电流Icm,40mA,重量,0.04,集电极-发射极电压Vceo,≥﹣30V,产品特点及用途,具有特征频率高、反向漏电流小、开关时间小等特点，在电子电路中能起到电流放大、电压放大、功率放大、电子开关、等多种作用,参考单价,400.0,年供货量,10000支,年供货周期,3﹣6个月
名称,硅PNP高频小功率晶体管,型号,3CG1D,分类,普通双极型晶体管,生产厂家,济南市半导体元件实验所,厂商地域,山东济南,质量等级,G,封装形式,UB,温度范围,﹣55～175℃,工作频率,≥100MHZ,集电极最大允许功耗Pcm,300mW,集电极直流电流Icm,40mA,集电极-发射极电压Vceo,≥﹣40V,重量,0.04,产品特点及用途,具有特征频率高、反向漏电流小、开关时间小等特点，在电子电路中能起到电流放大、电压放大、功率放大、电子开关、等多种作用,参考单价,400.0,年供货量,10000支,年供货周期,3﹣6个月
名称,硅PNP高频小功率晶体管,型号,3CG1E,分类,普通双极型晶体管,生产厂家,济南市半导体元件实验所,厂商地域,山东济南,质量等级,G,封装形式,UB,温度范围,﹣55～175℃,工作频率,≥100MHZ,集电极最大允许功耗Pcm,300mW,集电极直流电流Icm,40mA,集电极-发射极电压Vceo,≥﹣50V,重量,0.04,产品特点及用途,具有特征频率高、反向漏电流小、开关时间小等特点，在电子电路中能起到电流放大、电压放大、功率放大、电子开关、等多种作用,参考单价,400.0,年供货量,10000支,年供货周期,3﹣6个月
名称,硅PNP高频小功率晶体管,型号,3CG1A,分类,普通双极型晶体管,生产厂家,济南市半导体元件实验所,厂商地域,山东济南,质量等级,JCT,封装形式,A3﹣01B,温度范围,﹣55～175℃,工作频率,≥100MHZ,集电极最大允许功耗Pcm,300mW,集电极直流电流Icm,40mA,重量,0.35,集电极-发射极电压Vceo,≥﹣15V,产品特点及用途,具有特征频率高、反向漏电流小、开关时间小等特点，在电子电路中能起到电流放大、电压放大、功率放大、电子开关、等多种作用,参考单价,700.0,年供货量,10000支,年供货周期,3﹣6个月
名称,硅PNP高频小功率晶体管,型号,3CG1B,分类,普通双极型晶体管,生产厂家,济南市半导体元件实验所,厂商地域,山东济南,质量等级,JCT,封装形式,A3﹣01B,温度范围,﹣55～175℃,工作频率,≥100MHZ,集电极最大允许功耗Pcm,300mW,集电极直流电流Icm,40mA,重量,0.35,集电极-发射极电压Vceo,≥﹣25V,产品特点及用途,具有特征频率高、反向漏电流小、开关时间小等特点，在电子电路中能起到电流放大、电压放大、功率放大、电子开关、等多种作用,参考单价,700.0,年供货量,10000支,年供货周期,3﹣6个月
名称,硅PNP高频小功率晶体管,型号,3CG1C,分类,普通双极型晶体管,生产厂家,济南市半导体元件实验所,厂商地域,山东济南,质量等级,JCT,封装形式,A3﹣01B,温度范围,﹣55～175℃,工作频率,≥100MHZ,集电极最大允许功耗Pcm,300mW,集电极直流电流Icm,40mA,重量,0.35,集电极-发射极电压Vceo,≥﹣30V,产品特点及用途,具有特征频率高、反向漏电流小、开关时间小等特点，在电子电路中能起到电流放大、电压放大、功率放大、电子开关、等多种作用,参考单价,700.0,年供货量,10000支,年供货周期,3﹣6个月
名称,硅PNP高频小功率晶体管,型号,3CG1D,分类,普通双极型晶体管,生产厂家,济南市半导体元件实验所,厂商地域,山东济南,质量等级,JCT,封装形式,A3﹣01B,温度范围,﹣55～175℃,工作频率,≥100MHZ,集电极最大允许功耗Pcm,300mW,集电极直流电流Icm,40mA,重量,0.35,集电极-发射极电压Vceo,≥﹣40V,产品特点及用途,具有特征频率高、反向漏电流小、开关时间小等特点，在电子电路中能起到电流放大、电压放大、功率放大、电子开关、等多种作用,参考单价,700.0,年供货量,10000支,年供货周期,3﹣6个月
名称,硅PNP高频小功率晶体管,型号,3CG1E,分类,普通双极型晶体管,生产厂家,济南市半导体元件实验所,厂商地域,山东济南,质量等级,JCT,封装形式,A3﹣01B,温度范围,﹣55～175℃,工作频率,≥100MHZ,集电极最大允许功耗Pcm,300mW,集电极直流电流Icm,40mA,重量,0.35,集电极-发射极电压Vceo,≥﹣50V,产品特点及用途,具有特征频率高、反向漏电流小、开关时间小等特点，在电子电路中能起到电流放大、电压放大、功率放大、电子开关、等多种作用,参考单价,700.0,年供货量,10000支,年供货周期,3﹣6个月
名称,硅PNP高频小功率晶体管,型号,3CG2A,分类,普通双极型晶体管,生产厂家,济南市半导体元件实验所,厂商地域,山东济南,质量等级,G,封装形式,A3﹣02B,温度范围,﹣55～175℃,工作频率,≥100MHZ,集电极最大允许功耗Pcm,500mW,集电极直流电流Icm,200mA,重量,1.13,集电极-发射极电压Vceo,≥﹣15V,产品特点及用途,具有特征频率高、反向漏电流小、开关时间小等特点，在电子电路中能起到电流放大、电压放大、功率放大、电子开关、等多种作用,参考单价,200.0,年供货量,10000支,年供货周期,3﹣6个月
名称,硅PNP高频小功率晶体管,型号,3CG2B,分类,普通双极型晶体管,生产厂家,济南市半导体元件实验所,厂商地域,山东济南,质量等级,G,封装形式,A3﹣02B,温度范围,﹣55～175℃,工作频率,≥100MHZ,集电极最大允许功耗Pcm,500mW,集电极直流电流Icm,200mA,重量,1.13,集电极-发射极电压Vceo,≥﹣25V,产品特点及用途,具有特征频率高、反向漏电流小、开关时间小等特点，在电子电路中能起到电流放大、电压放大、功率放大、电子开关、等多种作用,参考单价,200.0,年供货量,10000支,年供货周期,3﹣6个月
名称,硅PNP高频小功率晶体管,型号,3CG2C,分类,普通双极型晶体管,生产厂家,济南市半导体元件实验所,厂商地域,山东济南,质量等级,G,封装形式,A3﹣02B,温度范围,﹣55～175℃,工作频率,≥100MHZ,集电极最大允许功耗Pcm,500mW,集电极直流电流Icm,200mA,重量,1.13,集电极-发射极电压Vceo,≥﹣30V,产品特点及用途,具有特征频率高、反向漏电流小、开关时间小等特点，在电子电路中能起到电流放大、电压放大、功率放大、电子开关、等多种作用,参考单价,200.0,年供货量,10000支,年供货周期,3﹣6个月
名称,晶体管,型号,JH3DA5682A8,分类,普通双极型晶体管,生产厂家,深圳吉华微特电子有限公司,厂商地域,广东深圳,质量等级,JP/JT/JCT,兼容型号,2N5682,温度范围,—55～150℃,集电极-基极电压,120V,封装形式,A3-02B,集电极直流电流Icm,1A,集电极-发射极电压Vceo,120V,产品特点及用途,国产化,年供货周期,6个月
名称,晶体管,型号,JH3CA5680A8,分类,普通双极型晶体管,生产厂家,深圳吉华微特电子有限公司,厂商地域,广东深圳,质量等级,JP/JT/JCT,兼容型号,2N5680,温度范围,—55～150℃,封装形式,A3-02B,产品特点及用途,国产化,年供货周期,6个月
名称,晶体管,型号,JH3CA3637A8,分类,普通双极型晶体管,生产厂家,深圳吉华微特电子有限公司,厂商地域,广东深圳,质量等级,JP/JT/JCT,兼容型号,2N3637,温度范围,—55～150℃,集电极-基极电压,-175V,封装形式,A3-02B,集电极直流电流Icm,-1A,集电极-发射极电压Vceo,-175V,产品特点及用途,国产化,年供货周期,6个月
名称,晶体管,型号,JH3DA4793Y,分类,普通双极型晶体管,生产厂家,深圳吉华微特电子有限公司,厂商地域,广东深圳,质量等级,JP/JT/JCT,兼容型号,2SC4793,温度范围,—55～150℃,集电极-基极电压,230V,封装形式,TO-257AA,集电极直流电流Icm,1A,集电极-发射极电压Vceo,230V,产品特点及用途,国产化,年供货周期,6个月
名称,晶体管,型号,JH3CA1837Y,分类,普通双极型晶体管,生产厂家,深圳吉华微特电子有限公司,厂商地域,广东深圳,质量等级,JP/JT/JCT,兼容型号,2SA4793,温度范围,—55～150℃,集电极-基极电压,-230V,封装形式,TO-257AA,集电极直流电流Icm,-1A,集电极-发射极电压Vceo,-230V,产品特点及用途,国产化,年供货周期,6个月
名称,晶体管,型号,JH3CA5416A4,分类,普通双极型晶体管,生产厂家,深圳吉华微特电子有限公司,厂商地域,广东深圳,质量等级,JP/JT/JCT,兼容型号,2N5416,温度范围,—55～150℃,集电极-基极电压,-350V,封装形式,A3-02B,集电极直流电流Icm,-1A,集电极-发射极电压Vceo,-300V,产品特点及用途,国产化,年供货周期,6个月
名称,晶体管,型号,JH3DA3440A4,分类,普通双极型晶体管,生产厂家,深圳吉华微特电子有限公司,厂商地域,广东深圳,质量等级,JP/JT/JCT,兼容型号,2N3440,温度范围,—55～150℃,集电极-基极电压,300V,封装形式,A3-02B,集电极直流电流Icm,1A,集电极-发射极电压Vceo,250V,产品特点及用途,国产化,年供货周期,6个月
名称,晶体管,型号,JH3DA3439A4,分类,普通双极型晶体管,生产厂家,深圳吉华微特电子有限公司,厂商地域,广东深圳,质量等级,JP/JT/JCT,兼容型号,2N3439,温度范围,—55～150℃,集电极-基极电压,450V,封装形式,A3-02B,集电极直流电流Icm,1A,集电极-发射极电压Vceo,350V,产品特点及用途,国产化,年供货周期,6个月
名称,晶体管,型号,JH3DA50TFNJ,分类,普通双极型晶体管,生产厂家,深圳吉华微特电子有限公司,厂商地域,广东深圳,质量等级,JP/JT/JCT,兼容型号,TIP50,温度范围,—55～150℃,集电极-基极电压,-500V,封装形式,SMD-0.5,集电极直流电流Icm,1A,集电极-发射极电压Vceo,400V,产品特点及用途,国产化,年供货周期,6个月
名称,晶体管,型号,JH3DA669AA8,分类,普通双极型晶体管,生产厂家,深圳吉华微特电子有限公司,厂商地域,广东深圳,质量等级,JP/JT/JCT,兼容型号,2SD669A,温度范围,—55～150℃,集电极-基极电压,180V,封装形式,A6-02A,集电极直流电流Icm,1.5A,集电极-发射极电压Vceo,160V,产品特点及用途,国产化,年供货周期,6个月
名称,晶体管,型号,JH3DA653A4,分类,普通双极型晶体管,生产厂家,深圳吉华微特电子有限公司,厂商地域,广东深圳,质量等级,JP/JT/JCT,兼容型号,ZTX653,温度范围,—55～150℃,集电极-基极电压,120V,封装形式,A3-02B,集电极直流电流Icm,2A,集电极-发射极电压Vceo,100V,产品特点及用途,国产化,年供货周期,6个月
名称,晶体管,型号,JH3DA3585B1,分类,普通双极型晶体管,生产厂家,深圳吉华微特电子有限公司,厂商地域,广东深圳,质量等级,JP/JT/JCT,兼容型号,2N3585,温度范围,—55～150℃,集电极-基极电压,500V,封装形式,B2-01B,集电极直流电流Icm,2A,集电极-发射极电压Vceo,300V,产品特点及用途,国产化,年供货周期,6个月
名称,晶体管,型号,JH3DA3584B1,分类,普通双极型晶体管,生产厂家,深圳吉华微特电子有限公司,厂商地域,广东深圳,质量等级,JP/JT/JCT,兼容型号,2N3584,温度范围,—55～150℃,集电极-基极电压,375,封装形式,B2-01B,集电极直流电流Icm,2A,集电极-发射极电压Vceo,250V,产品特点及用途,国产化,年供货周期,6个月
名称,晶体管,型号,JH3DA1173ND,分类,普通双极型晶体管,生产厂家,深圳吉华微特电子有限公司,厂商地域,广东深圳,质量等级,JP/JT/JCT,兼容型号,2SC1173,温度范围,—55～150℃,集电极-基极电压,30V,封装形式,TO-257AA,集电极直流电流Icm,3A,集电极-发射极电压Vceo,30V,产品特点及用途,国产化,年供货周期,6个月
名称,晶体管,型号,JH3CA473ND,分类,普通双极型晶体管,生产厂家,深圳吉华微特电子有限公司,厂商地域,广东深圳,质量等级,JP/JT/JCT,兼容型号,2SA473,温度范围,—55～150℃,集电极-基极电压,-30V,封装形式,TO-257AA,集电极直流电流Icm,-3A,集电极-发射极电压Vceo,-30V,产品特点及用途,国产化,年供货周期,6个月
名称,射频同轴插座,型号,sma(f)-kfd12,分类,射频同轴电连接器,生产厂家,陕西华达科技股份有限公司,厂商地域,陕西西安,质量等级,gjb,温度范围,-65～125℃,	类型,sma	,	气密性,抗辐照,频率范围,18GHz	
名称,射频同轴插座,型号,sma(f)-kfd1254g,分类,射频同轴电连接器,生产厂家,陕西华达科技股份有限公司,厂商地域,陕西西安,质量等级,cast c,温度范围,-65～125℃,	类型,sma	,	气密性,抗辐照,频率范围,18GHz	
名称,射频同轴插座,型号,sma(f)-kfd1254g,分类,射频同轴电连接器,生产厂家,陕西华达科技股份有限公司,厂商地域,陕西西安,质量等级,gjb,温度范围,-65～125℃,	类型,sma	,	气密性,抗辐照,频率范围,18GHz	
名称,射频同轴插座,型号,sma(f)-kfd1255g,分类,射频同轴电连接器,生产厂家,陕西华达科技股份有限公司,厂商地域,陕西西安,质量等级,j,温度范围,-65～125℃,	类型,sma	,	气密性,抗辐照,频率范围,18GHz	
名称,射频同轴插座,型号,sma(f)-kfd1257g,分类,射频同轴电连接器,生产厂家,陕西华达科技股份有限公司,厂商地域,陕西西安,质量等级,gjb,温度范围,-65～125℃,	类型,sma	,	气密性,抗辐照,频率范围,18GHz	
名称,射频同轴插座,型号,sma(f)-kfd1257g,分类,射频同轴电连接器,生产厂家,陕西华达科技股份有限公司,厂商地域,陕西西安,质量等级,j,温度范围,-65～125℃,	类型,sma	,	气密性,抗辐照,频率范围,18GHz	
名称,射频同轴插座,型号,sma(f)-kfd1266g,分类,射频同轴电连接器,生产厂家,陕西华达科技股份有限公司,厂商地域,陕西西安,质量等级,cast c,温度范围,-65～125℃,	类型,sma	,	气密性,抗辐照,频率范围,18GHz	
名称,射频同轴插座,型号,sma(f)-kfd19al,分类,射频同轴电连接器,生产厂家,陕西华达科技股份有限公司,厂商地域,陕西西安,质量等级,j,温度范围,-65～125℃,	类型,sma	,	气密性,抗辐照,频率范围,18GHz	
名称,射频同轴插座,型号,sma(f)-kfd269,分类,射频同轴电连接器,生产厂家,陕西华达科技股份有限公司,厂商地域,陕西西安,质量等级,cast c,温度范围,-65～125℃,	类型,sma	,	气密性,抗辐照,频率范围,18GHz	
名称,射频同轴插座,型号,sma(f)-kfd397,分类,射频同轴电连接器,生产厂家,陕西华达科技股份有限公司,厂商地域,陕西西安,质量等级,g/g+,温度范围,-65～125℃,	类型,sma	,	气密性,抗辐照,频率范围,18GHz	
名称,射频同轴插座,型号,sma(f)-kfd411,分类,射频同轴电连接器,生产厂家,陕西华达科技股份有限公司,厂商地域,陕西西安,质量等级,cast c,温度范围,-65～125℃,	类型,sma	,	气密性,抗辐照,频率范围,18GHz	
名称,射频同轴插座,型号,sma(f)-kfd493,分类,射频同轴电连接器,生产厂家,陕西华达科技股份有限公司,厂商地域,陕西西安,质量等级,gjb,温度范围,-65～125℃,	类型,sma	,	气密性,抗辐照,频率范围,18GHz	
名称,射频同轴插座,型号,sma(f)-kfd494,分类,射频同轴电连接器,生产厂家,陕西华达科技股份有限公司,厂商地域,陕西西安,质量等级,j,温度范围,-65～125℃,	类型,sma	,	气密性,抗辐照,频率范围,18GHz	
名称,射频同轴插座,型号,sma(f)-kfd616,分类,射频同轴电连接器,生产厂家,陕西华达科技股份有限公司,厂商地域,陕西西安,质量等级,j,封装形式,黄铜镀金,温度范围,-65～105℃,	类型,sma,频率范围,18GHz	
名称,射频同轴插座,型号,tnc-50kfd45,分类,射频同轴电连接器,生产厂家,陕西华达科技股份有限公司,厂商地域,陕西西安,质量等级,gjb,封装形式,铜镀镍,温度范围,-65～105℃,	类型,tnc,频率范围,11GHz	
